seed,strategy,n_slots,true_slots,OOS_sharpe,OOS_ann_ret%,OOS_max_dd%
11,rolling z baseline,4,3,0.15014489739995143,1.6202527504387783,-17.189058069435248
11,OU z (default thres.),4,3,0.7134436922445552,6.465610206804594,-8.082373302388845
11,auto: OU-cal / rolling-cross,4,3,0.5209278864580627,4.669027890058822,-10.633894280630042
11,grid-tuned (train pick),4,3,0.9421660412706281,9.020196368690403,-7.783925838951378
1011,rolling z baseline,6,5,1.6273660850026437,8.740915193800703,-2.60431790753618
1011,OU z (default thres.),6,5,1.570640280666798,7.919268511062201,-3.2550486403779666
1011,auto: OU-cal / rolling-cross,6,5,1.405022853130463,6.971482506482706,-3.866842441716678
1011,grid-tuned (train pick),6,5,1.570640280666798,7.919268511062201,-3.2550486403779666
2011,rolling z baseline,6,6,0.6514947225162556,2.721447479363947,-4.723193422693816
2011,OU z (default thres.),6,6,1.461636392919869,5.862669164837773,-4.206416539832247
2011,auto: OU-cal / rolling-cross,6,6,1.522594464203825,5.973764276091312,-3.39711368429505
2011,grid-tuned (train pick),6,6,1.3992245909702532,5.565897036972741,-2.7493953362520362
3011,rolling z baseline,2,2,-3.404025296054025,-26.220989464154165,-47.14295444952129
3011,OU z (default thres.),2,2,-0.4973281998321197,-2.3878146739184123,-10.57697602185118
3011,auto: OU-cal / rolling-cross,2,2,-0.4973281998321197,-2.3878146739184123,-10.57697602185118
3011,grid-tuned (train pick),2,2,-1.094295676161621,-5.829952332251555,-16.252404803046737
4011,rolling z baseline,4,4,2.8772605207651116,20.022421533736537,-3.4233730576620047
4011,OU z (default thres.),4,4,2.001638240582879,12.13864706088467,-5.480493959949351
4011,auto: OU-cal / rolling-cross,4,4,2.001638240582879,12.13864706088467,-5.480493959949351
4011,grid-tuned (train pick),4,4,2.0418485435417777,14.547656066156769,-6.191448503326635
5011,rolling z baseline,2,2,0.8937310781788657,10.92283988423003,-15.669273595601096
5011,OU z (default thres.),2,2,1.6029440737704486,22.878229671908144,-13.50374148315342
5011,auto: OU-cal / rolling-cross,2,2,1.6029440737704486,22.878229671908144,-13.50374148315342
5011,grid-tuned (train pick),2,2,1.3894164382469956,15.831047449622531,-8.336432594468723
6011,rolling z baseline,3,2,0.15293511944105148,0.9134252591154756,-6.807290067731431
6011,OU z (default thres.),3,2,0.5487008106408574,2.9575500641009254,-3.7616575312121925
6011,auto: OU-cal / rolling-cross,3,2,0.5487008106408574,2.9575500641009254,-3.7616575312121925
6011,grid-tuned (train pick),3,2,-0.051202463992611,-0.3264277391176201,-10.371820026664992
7011,rolling z baseline,6,5,0.492652411828691,4.322947609062896,-7.460834937119964
7011,OU z (default thres.),6,5,0.8633209481792791,7.785388966955285,-7.98455640175606
7011,auto: OU-cal / rolling-cross,6,5,0.7563675670774862,6.6942014631683255,-6.0912647186328055
7011,grid-tuned (train pick),6,5,0.6910557319003627,6.221582368698079,-7.850851918273105
8011,rolling z baseline,4,4,1.492073892960844,8.260405171723836,-3.5372099920695343
8011,OU z (default thres.),4,4,1.677047631890748,9.135396268274407,-5.766542269892383
8011,auto: OU-cal / rolling-cross,4,4,1.677047631890748,9.135396268274407,-5.766542269892383
8011,grid-tuned (train pick),4,4,1.8299342962601817,11.124118104736064,-5.991189193175295
9011,rolling z baseline,5,5,2.350758964331842,15.16149912146223,-4.520401524449169
9011,OU z (default thres.),5,5,1.7041446164114793,11.29373060100032,-11.068112176848322
9011,auto: OU-cal / rolling-cross,5,5,1.7041446164114793,11.29373060100032,-11.068112176848322
9011,grid-tuned (train pick),5,5,2.3651501562232737,14.807066876629484,-5.649925726869121
10011,rolling z baseline,6,5,1.2826261601976734,10.426885613819273,-7.236946811677402
10011,OU z (default thres.),6,5,1.0527065371090665,6.988964691794439,-4.800335814826251
10011,auto: OU-cal / rolling-cross,6,5,0.8765161056206797,5.8805341710436725,-4.618289776616158
10011,grid-tuned (train pick),6,5,1.4151259965570628,10.61103849880028,-5.500889103853934
11011,rolling z baseline,7,5,0.5684684526469167,3.1917099029938294,-4.354755038008951
11011,OU z (default thres.),7,5,0.5895577362958424,3.525799652398686,-7.961249685294824
11011,auto: OU-cal / rolling-cross,7,5,0.5403119635853677,3.139241807836851,-5.853545654982939
11011,grid-tuned (train pick),7,5,0.8981022961025109,5.752832513766868,-6.607883073589194
12011,rolling z baseline,5,5,1.8159435239490378,9.320945171101345,-5.932798188931754
12011,OU z (default thres.),5,5,1.892311857914418,8.853501048634046,-3.58939440214584
12011,auto: OU-cal / rolling-cross,5,5,1.892311857914418,8.853501048634046,-3.58939440214584
12011,grid-tuned (train pick),5,5,1.8662269364162782,8.86493671049999,-3.284383827684534
13011,rolling z baseline,5,4,0.7061945291439555,3.4583784601512373,-3.719989483385644
13011,OU z (default thres.),5,4,0.7398578586743685,3.5685812802956485,-3.9037730567602957
13011,auto: OU-cal / rolling-cross,5,4,0.5478322600194693,2.737258705876274,-5.053036124293586
13011,grid-tuned (train pick),5,4,0.7398578586743685,3.5685812802956485,-3.9037730567602957
14011,rolling z baseline,3,2,1.1576291563693868,16.33395955769172,-9.450724379816478
14011,OU z (default thres.),3,2,0.6834483473600789,9.78470078644114,-17.407935527176065
14011,auto: OU-cal / rolling-cross,3,2,0.7710171370733275,10.586435552629734,-12.245324323918405
14011,grid-tuned (train pick),3,2,0.727010238372317,9.584983617549621,-20.77639338373376
15011,rolling z baseline,4,4,0.6453282708773318,3.644806261840916,-4.885035123861381
15011,OU z (default thres.),4,4,1.27563105502648,6.374903708124865,-4.545014552014015
15011,auto: OU-cal / rolling-cross,4,4,1.27563105502648,6.374903708124865,-4.545014552014015
15011,grid-tuned (train pick),4,4,1.0706452430992357,6.488302079221009,-6.0673686814123995
16011,rolling z baseline,2,2,0.8677032129407647,9.795870948040124,-12.649212000176679
16011,OU z (default thres.),2,2,0.8542129034892582,7.589341600435507,-8.371507083542673
16011,auto: OU-cal / rolling-cross,2,2,0.8542129034892582,7.589341600435507,-8.371507083542673
16011,grid-tuned (train pick),2,2,0.6550041632905652,6.4148982678852855,-9.220969569776383
17011,rolling z baseline,5,4,1.2465375851749112,8.75479841452619,-7.271453403365258
17011,OU z (default thres.),5,4,0.4659507283117915,3.022437634514534,-7.218912538411915
17011,auto: OU-cal / rolling-cross,5,4,1.069359001282513,6.914160734209237,-9.623581431837136
17011,grid-tuned (train pick),5,4,0.7643101026087072,5.5273241436798,-7.484573384924742
18011,rolling z baseline,6,6,1.8630382959404836,13.286884012877614,-4.0100585544330825
18011,OU z (default thres.),6,6,1.1639674284519153,9.543160469638716,-5.882751656646057
18011,auto: OU-cal / rolling-cross,6,6,1.109971439315855,9.261879239150693,-4.304506473492764
18011,grid-tuned (train pick),6,6,1.3822922685797392,10.665007723730337,-7.703190922536907
19011,rolling z baseline,6,5,1.2207526423914867,8.437402135858813,-4.956288912414008
19011,OU z (default thres.),6,5,1.1809318506109385,7.715432360066646,-8.036527394835968
19011,auto: OU-cal / rolling-cross,6,5,1.0999130345796189,7.098138548114507,-7.25158380070825
19011,grid-tuned (train pick),6,5,1.8202661499206254,12.398938539302575,-4.920875245263945
20011,rolling z baseline,4,4,-0.12017907186233855,-0.8508123152327024,-7.135529645540172
20011,OU z (default thres.),4,4,0.5899326098732193,3.2798976288011055,-7.736713382635418
20011,auto: OU-cal / rolling-cross,4,4,0.5899326098732193,3.2798976288011055,-7.736713382635418
20011,grid-tuned (train pick),4,4,0.13532916097875922,0.7833965321360699,-8.697054791418779
21011,rolling z baseline,6,5,2.015613713270969,9.65902759047654,-3.2153493019768
21011,OU z (default thres.),6,5,1.7555982738140927,8.103810702096695,-3.428412317288476
21011,auto: OU-cal / rolling-cross,6,5,1.046485972751607,4.559384165932584,-4.43423057246658
21011,grid-tuned (train pick),6,5,2.218086143240183,10.830104448920718,-3.4900811193909087
22011,rolling z baseline,3,3,1.1402054041516816,12.382625960106168,-7.505867191754978
22011,OU z (default thres.),3,3,0.3152678488467241,3.546809906706694,-8.503600105809817
22011,auto: OU-cal / rolling-cross,3,3,0.5997124428537856,6.31080347204997,-11.180362236345276
22011,grid-tuned (train pick),3,3,0.5997124428537856,6.31080347204997,-11.180362236345276
23011,rolling z baseline,3,3,-0.1145534860312164,-1.0461960803280346,-10.574128144000017
23011,OU z (default thres.),3,3,0.9727235963096196,6.646068810635923,-6.327802276909999
23011,auto: OU-cal / rolling-cross,3,3,0.9727235963096196,6.646068810635923,-6.327802276909999
23011,grid-tuned (train pick),3,3,0.9727235963096196,6.646068810635923,-6.327802276909999
24011,rolling z baseline,3,3,2.3355520414175754,21.453307798563227,-8.138275149000329
24011,OU z (default thres.),3,3,2.0255727819815426,13.304317476432715,-4.854310133526951
24011,auto: OU-cal / rolling-cross,3,3,2.0255727819815426,13.304317476432715,-4.854310133526951
24011,grid-tuned (train pick),3,3,1.6141411761280318,14.660547076956131,-8.50875902950331
25011,rolling z baseline,5,5,-1.5357236850547142,-9.817738343010971,-21.500787562371304
25011,OU z (default thres.),5,5,0.5036646662917186,3.085916135040143,-7.00912709179714
25011,auto: OU-cal / rolling-cross,5,5,0.5036646662917186,3.085916135040143,-7.00912709179714
25011,grid-tuned (train pick),5,5,0.03710274010563077,0.1918218905980193,-6.878427092971851
26011,rolling z baseline,1,1,2.094462062738229,24.743693597161172,-7.617548432916854
26011,OU z (default thres.),1,1,2.1809294742603687,28.20820123987754,-11.132680325265243
26011,auto: OU-cal / rolling-cross,1,1,2.1809294742603687,28.20820123987754,-11.132680325265243
26011,grid-tuned (train pick),1,1,2.3709933157894145,33.21428835612107,-7.0822704495535405
27011,rolling z baseline,5,5,2.101558858356195,15.9195213029168,-5.5546914191955015
27011,OU z (default thres.),5,5,1.6153667522935784,12.863903673641621,-6.635459491486784
27011,auto: OU-cal / rolling-cross,5,5,1.6772631643647211,12.647182007616692,-6.037935054758936
27011,grid-tuned (train pick),5,5,1.376118297357417,11.823861499209682,-8.559667710964247
28011,rolling z baseline,4,4,0.5174224185251586,2.2583342269531568,-6.320912568934645
28011,OU z (default thres.),4,4,0.318746533455056,1.5329001688032,-7.2710756115527015
28011,auto: OU-cal / rolling-cross,4,4,0.5541436133210276,2.4041390616630096,-4.67258273850698
28011,grid-tuned (train pick),4,4,1.1309125988271487,4.673749631479255,-5.956289188640385
29011,rolling z baseline,3,3,0.42036489640175595,5.8198265092028585,-16.447160123587757
29011,OU z (default thres.),3,3,1.8281985248238768,19.979658965170945,-7.736107252978819
29011,auto: OU-cal / rolling-cross,3,3,1.8281985248238768,19.979658965170945,-7.736107252978819
29011,grid-tuned (train pick),3,3,2.1621801191188705,27.470903276028587,-9.468766318411227
