seed,mode,z_entry,z_exit,window,refit_every
11,ou,1.25,0.5,,60.0
1011,ou,1.75,0.5,,60.0
2011,ou,1.25,0.5,,20.0
3011,ou,2.25,0.5,,60.0
4011,ou,1.25,0.5,,60.0
5011,ou,1.25,0.5,,20.0
6011,ou,1.25,0.5,,60.0
7011,ou,1.25,0.5,,60.0
8011,auto,1.5,0.5,,
9011,ou,1.25,0.5,,60.0
10011,auto,1.5,0.5,,
11011,ou,1.25,0.5,,60.0
12011,ou,1.25,0.5,,60.0
13011,ou,1.25,0.5,,60.0
14011,ou,1.25,0.5,,20.0
15011,auto,1.5,0.5,,
16011,ou,1.25,0.5,,60.0
17011,ou,1.25,0.5,,60.0
18011,ou,1.25,0.5,,60.0
19011,ou,1.25,0.5,,60.0
20011,auto,1.5,0.5,,
21011,ou,1.25,0.5,,60.0
22011,auto,1.5,0.5,,
23011,ou,1.75,0.5,,60.0
24011,rolling,1.75,0.5,40.0,
25011,ou,2.25,0.5,,60.0
26011,ou,1.75,0.5,,20.0
27011,auto,1.5,0.5,,
28011,ou,1.25,0.5,,60.0
29011,ou,1.25,0.5,,60.0
