mode,seed,slots,true_slots,OOS_sharpe,OOS_ann%,OOS_dd%
none,11,4,3,0.9421660412706281,9.020196368690403,-7.783925838951378
none,1011,6,5,1.570640280666798,7.919268511062201,-3.2550486403779666
none,2011,6,6,1.4044285308291267,5.585554645440086,-2.7393300634084516
none,3011,2,2,-1.094295676161621,-5.829952332251555,-16.252404803046737
none,4011,4,4,2.0418485435417777,14.547656066156769,-6.191448503326635
none,5011,2,2,1.3894164382469956,15.831047449622531,-8.336432594468723
regime,11,7,5,1.1349086593019702,7.392558414580658,-8.636726371349479
regime,1011,4,4,1.5183401969351464,8.289597488841096,-4.5908169073369915
regime,2011,5,4,0.7839572774219118,3.894802250866499,-4.964361226245795
regime,3011,3,3,1.5558851324417686,4.700370888064861,-2.931007428804566
regime,4011,2,2,1.6345536044718514,18.75225580119057,-12.39386487968498
regime,5011,1,0,-0.6108273881635518,-14.53625582984775,-49.73850171713493
garch,11,5,5,2.0107032386227535,11.753166713929781,-5.063891398366227
garch,1011,4,3,1.0196180944537143,5.162506081838306,-5.832850533661316
garch,2011,7,6,0.33637805436848733,1.311868972759204,-4.727462935308346
garch,3011,5,5,1.7111381103245435,6.3134297792367855,-2.387886183244392
garch,4011,2,2,0.5476562174812322,4.8369712446508935,-9.379102503866521
garch,5011,4,3,1.3691148315303097,11.597383229572436,-6.982769229584063
seasonal,11,1,0,0.4467878508436199,7.605942639291126,-21.288331760733058
seasonal,1011,1,1,1.1090431570605728,12.124136769434312,-9.253787528230095
seasonal,2011,3,2,0.6821322574627707,4.614510121701206,-7.192987446716903
seasonal,3011,3,3,-1.6284588105019984,-11.227526861588622,-24.00784204120474
seasonal,4011,2,2,2.6418155257991893,19.825347535153988,-4.0965401816482006
seasonal,5011,2,2,-0.4867132080709769,-9.114831883311906,-31.663808554548712
jump,11,3,2,1.8083756402643985,17.572291930419954,-6.155616033695132
jump,1011,6,6,2.1256193922007225,9.561682781964914,-3.608805087045619
jump,2011,6,4,1.2250705590953699,5.211597943164862,-4.556933754300707
jump,3011,1,1,0.7461704101509018,14.331465245498537,-28.66326246255425
jump,4011,3,3,0.4180395527859383,4.455072217218245,-10.021681443882336
jump,5011,3,2,1.2572873001607552,16.719405041631877,-12.926137308574571
