seed,strategy,n_pairs,IS_sharpe,OOS_sharpe,OOS_ann_ret%,OOS_max_dd%
7,"rolling z (30d, baseline)",4,1.1456573482295316,-0.03871616646275949,-0.22099982541443539,-7.498286105545482
7,OU z (train-only fit),4,2.1297555211235695,-0.4246676935067186,-1.3635669630312046,-7.145573891869661
7,OU z (point-in-time refit),4,1.9020142853286184,-0.22356064097563633,-0.8620446088526535,-4.807838683905475
7,OU z + Kalman hedge,4,1.1542597618402486,0.28383002907084875,1.191505188481196,-6.525739918408114
1007,"rolling z (30d, baseline)",5,1.966587771177177,-0.2837570918334905,-0.9199582674986042,-6.494204303881956
1007,OU z (train-only fit),5,3.079111620560327,0.008981903956452049,0.009747412732403449,-1.0567139326278951
1007,OU z (point-in-time refit),5,2.6363314021093047,0.5710899519593885,1.3428504201916702,-2.9899460682058177
1007,OU z + Kalman hedge,5,1.2723143043216545,0.6992230819385781,1.4922022646068742,-2.5409970083531186
2007,"rolling z (30d, baseline)",6,0.8448909369635715,-0.14204568726775044,-0.606468967802425,-8.95950616115847
2007,OU z (train-only fit),6,2.754329464806925,1.0495495955009722,2.701283689646354,-2.7164698550473987
2007,OU z (point-in-time refit),6,2.317174714190154,0.4088776489265075,1.4546450315832415,-5.490576873798824
2007,OU z + Kalman hedge,6,1.118258233305049,0.15920842026142895,0.5365705488623878,-4.311859592059397
3007,"rolling z (30d, baseline)",6,1.0370795798064314,0.34210625183087845,1.1200630620153103,-8.981076584557924
3007,OU z (train-only fit),6,1.1652626319594985,-0.3223758977285955,-0.504467479610887,-3.302997614486136
3007,OU z (point-in-time refit),6,1.3194865590088714,0.755536053147711,1.3713930840279087,-2.0448450121056116
3007,OU z + Kalman hedge,6,0.9854242319168399,0.49384226335982606,1.0868243724180047,-5.191902106021972
4007,"rolling z (30d, baseline)",5,0.704275146295745,0.16132348288313134,0.46231472841284615,-4.475080697984957
4007,OU z (train-only fit),5,1.4334547000617712,-0.7785005036442966,-1.0111682875621484,-2.932747555035997
4007,OU z (point-in-time refit),5,1.497964986693424,0.43869914306303187,1.0087135206349842,-1.7278335211375007
4007,OU z + Kalman hedge,5,0.9424958164973403,0.3312048418702084,0.7463373178385277,-4.141463758805298
5007,"rolling z (30d, baseline)",4,1.120480119275035,-0.0436090102894083,-0.18892348199387896,-6.5286809589417905
5007,OU z (train-only fit),4,1.9698677843378039,0.03099878421710152,0.0710530372903496,-2.6532270677270264
5007,OU z (point-in-time refit),4,1.407983588116543,0.7551271539684434,1.965648517682185,-3.391234537493293
5007,OU z + Kalman hedge,4,1.1113337805237453,1.0354432662705573,2.5444133840084016,-4.247742763690798
6007,"rolling z (30d, baseline)",6,0.3575824119913079,-1.8082634395627089,-7.5170211083386755,-17.30199289408728
6007,OU z (train-only fit),6,2.4466439954210184,-0.6259321587899472,-1.1377156504647579,-2.9394046596101564
6007,OU z (point-in-time refit),6,1.9108737607972521,-0.7432749827355877,-1.7426086888488301,-4.7027210932543255
6007,OU z + Kalman hedge,6,1.212855477200992,-1.1160872554835815,-3.1128336150512954,-8.346861769403413
7007,"rolling z (30d, baseline)",6,0.8078936520024047,1.1471409650368711,4.463460403919622,-3.007647960186488
7007,OU z (train-only fit),6,2.540130304615896,-0.04445909316126291,-0.07327345841989792,-3.27656409237127
7007,OU z (point-in-time refit),6,1.6909454465796696,1.0702851548724759,3.4366076260347227,-2.657154748933077
7007,OU z + Kalman hedge,6,1.3187834097762492,1.781030871989259,4.6699998935579865,-2.393139345704609
8007,"rolling z (30d, baseline)",5,0.017820796718052593,0.01028447806984235,0.043821951338470486,-6.358831677462973
8007,OU z (train-only fit),5,1.2763444285976595,0.16346726691042676,0.5548989571675998,-4.979704407194808
8007,OU z (point-in-time refit),5,1.8663552645953576,0.005313082370241467,0.02039053590383795,-6.459967316267134
8007,OU z + Kalman hedge,5,1.1925869885070937,0.8091919813641539,2.0933581696370336,-4.167090421917285
9007,"rolling z (30d, baseline)",6,-0.12491947806457662,-0.3315784632261881,-2.673136767948685,-17.544441293994396
9007,OU z (train-only fit),6,1.6116002938218073,-0.10318115105242753,-0.4643798975415984,-8.958238278921582
9007,OU z (point-in-time refit),6,1.2079807730527818,-0.540247511773305,-2.392686968184689,-14.379772261544266
9007,OU z + Kalman hedge,6,-0.22146551949539486,-0.3404247264923699,-1.7775367517861653,-12.578479529178566
10007,"rolling z (30d, baseline)",6,1.4054290079416667,-0.5355345630156131,-2.3240491807075028,-9.415796098637141
10007,OU z (train-only fit),6,2.804462961311856,-0.9093903743097768,-1.8525565505625028,-5.639153262273744
10007,OU z (point-in-time refit),6,1.6798222243683014,0.6072066242667657,1.6742326249305697,-4.149492654963494
10007,OU z + Kalman hedge,6,1.5265248628652441,-0.8147087624065567,-2.399155739736587,-6.788521555377058
11007,"rolling z (30d, baseline)",4,0.05690893327659564,0.6233866498001261,2.0339880171154965,-3.3737244354733686
11007,OU z (train-only fit),4,1.8387602058390842,-0.13664411899882656,-0.21101702928486873,-2.473519329046381
11007,OU z (point-in-time refit),4,0.2380757043237209,0.8824813109388524,1.6554074406626558,-2.024749212741561
11007,OU z + Kalman hedge,4,0.5964470970398429,0.6581759240817412,1.4681781458915493,-2.0048505479913103
