setting,seed,slots,true_slots,OOS_sharpe,OOS_ann%
frac_structural=0.15,11,5,4,0.7053493656949559,4.688022877912723
frac_structural=0.15,1011,6,5,1.1175564991749585,6.075400633485904
frac_structural=0.15,2011,5,5,0.8707356816129828,3.822319287566959
frac_structural=0.3,11,4,3,0.9421660412706281,9.020196368690403
frac_structural=0.3,1011,6,5,1.570640280666798,7.919268511062201
frac_structural=0.3,2011,6,6,1.3992245909702532,5.565897036972741
frac_structural=0.5,11,4,3,0.5036251878763165,3.450617498087945
frac_structural=0.5,1011,3,2,1.4292749925113502,12.007965543991006
frac_structural=0.5,2011,8,5,1.2900559706232169,4.1865449020781
basis_sigma_scale=0.7,11,5,4,0.5462122975300355,4.034639600652416
basis_sigma_scale=0.7,1011,4,3,1.2042752199585829,6.618280969370928
basis_sigma_scale=0.7,2011,6,5,0.7095341066656475,2.4446916981707254
basis_sigma_scale=1.0,11,4,3,0.9421660412706281,9.020196368690403
basis_sigma_scale=1.0,1011,6,5,1.570640280666798,7.919268511062201
basis_sigma_scale=1.0,2011,6,6,1.3992245909702532,5.565897036972741
basis_sigma_scale=1.5,11,4,3,0.8737595730579073,9.79704847134843
basis_sigma_scale=1.5,1011,5,5,1.8096059111432161,10.445895172051392
basis_sigma_scale=1.5,2011,7,6,1.2955755038469103,4.990347822425269
basis_hl_scale=0.5,11,6,5,2.733794873132955,20.033435986406044
basis_hl_scale=0.5,1011,6,5,3.094438609201657,16.01518724694903
basis_hl_scale=0.5,2011,6,6,2.078030857243631,10.603767287493723
basis_hl_scale=1.0,11,4,3,0.9421660412706281,9.020196368690403
basis_hl_scale=1.0,1011,6,5,1.570640280666798,7.919268511062201
basis_hl_scale=1.0,2011,6,6,1.3992245909702532,5.565897036972741
basis_hl_scale=2.0,11,2,1,0.06760314163996822,0.7656972956340606
basis_hl_scale=2.0,1011,2,1,1.5587148524109338,13.461943286059345
basis_hl_scale=2.0,2011,4,3,-0.3155466986048946,-1.201136829782399
