fold,train_end,slots,strategy,OOS_sharpe,OOS_ann%,OOS_dd%
1,375,2,rolling20,0.7424069087677871,5.677894812805823,-4.54476007187875
1,375,2,ou_default,-0.8677996277010479,-6.246160948566109,-4.84727880747664
1,375,2,auto,-0.8677996277010479,-6.246160948566109,-4.84727880747664
1,375,2,tuned,-0.08604692890729493,-0.8888167952746263,-6.1827842236998105
3,607,2,rolling20,0.619372858591256,5.710643256429194,-4.163660581731355
3,607,2,ou_default,-2.148054388207385,-15.145171335673307,-7.386305595668707
3,607,2,auto,-2.148054388207385,-15.145171335673307,-7.386305595668707
3,607,2,tuned,-0.17580381419670266,-0.3357694011367379,-1.336399772824437
4,723,1,rolling20,1.0420514892525,0.5931780989075802,-0.22066746705818874
4,723,1,ou_default,1.9353398507383033,1.1123427406121256,-0.1322565996237035
4,723,1,auto,1.9353398507383033,1.1123427406121256,-0.1322565996237035
4,723,1,tuned,1.0420514892525,0.5931780989075802,-0.22066746705818874
5,724,2,rolling20,0.6997788573720407,0.44250612323928473,-0.373074957477848
5,724,2,ou_default,1.9353398507383033,1.1123427406121256,-0.1322565996237035
5,724,2,auto,1.9353398507383033,1.1123427406121256,-0.1322565996237035
5,724,2,tuned,0.6997788573720407,0.44250612323928473,-0.373074957477848
