code,contract_id,expiry_day,maturity
RB,F0,30,0
RB,F1,60,1
RB,F2,90,2
RB,F3,120,3
RB,F4,150,4
RB,F5,180,5
RB,F6,210,6
RB,F7,240,7
RB,F8,270,8
RB,F9,300,9
RB,F10,330,10
RB,F11,360,11
RB,F12,390,12
RB,F13,420,13
RB,F14,450,14
RB,F15,480,15
RB,F16,510,16
RB,F17,540,17
RB,F18,570,18
RB,F19,600,19
RB,F20,630,20
RB,F21,660,21
RB,F22,690,22
RB,F23,720,23
RB,F24,750,24
RB,F25,780,25
RB,F26,810,26
RB,F27,840,27
RB,F28,870,28
RB,F29,900,29
RB,F30,930,30
RB,F31,960,31
RB,F32,990,32
RB,F33,1020,33
RB,F34,1050,34
RB,F35,1080,35
RB,F36,1110,36
RB,F37,1140,37
RB,F38,1170,38
RB,F39,1200,39
RB,F40,1230,40
RB,F41,1260,41
RB,F42,1290,42
RB,F43,1320,43
RB,F44,1350,44
RB,F45,1380,45
RB,F46,1410,46
RB,F47,1440,47
RB,F48,1470,48
RB,F49,1500,49
RB,F50,1530,50
RB,F51,1560,51
RB,F52,1590,52
RB,F53,1620,53
RB,F54,1650,54
RB,F55,1680,55
HC,F0,53,0
HC,F1,93,1
HC,F2,133,2
HC,F3,173,3
HC,F4,213,4
HC,F5,253,5
HC,F6,293,6
HC,F7,333,7
HC,F8,373,8
HC,F9,413,9
HC,F10,453,10
HC,F11,493,11
HC,F12,533,12
HC,F13,573,13
HC,F14,613,14
HC,F15,653,15
HC,F16,693,16
HC,F17,733,17
HC,F18,773,18
HC,F19,813,19
HC,F20,853,20
HC,F21,893,21
HC,F22,933,22
HC,F23,973,23
HC,F24,1013,24
HC,F25,1053,25
HC,F26,1093,26
HC,F27,1133,27
HC,F28,1173,28
HC,F29,1213,29
HC,F30,1253,30
HC,F31,1293,31
HC,F32,1333,32
HC,F33,1373,33
HC,F34,1413,34
HC,F35,1453,35
HC,F36,1493,36
HC,F37,1533,37
HC,F38,1573,38
HC,F39,1613,39
HC,F40,1653,40
HC,F41,1693,41
HC,F42,1733,42
HC,F43,1773,43
HC,F44,1813,44
HC,F45,1853,45
HC,F46,1893,46
HC,F47,1933,47
HC,F48,1973,48
HC,F49,2013,49
HC,F50,2053,50
HC,F51,2093,51
HC,F52,2133,52
HC,F53,2173,53
HC,F54,2213,54
HC,F55,2253,55
I,F0,86,0
I,F1,146,1
I,F2,206,2
I,F3,266,3
I,F4,326,4
I,F5,386,5
I,F6,446,6
I,F7,506,7
I,F8,566,8
I,F9,626,9
I,F10,686,10
I,F11,746,11
I,F12,806,12
I,F13,866,13
I,F14,926,14
I,F15,986,15
I,F16,1046,16
I,F17,1106,17
I,F18,1166,18
I,F19,1226,19
I,F20,1286,20
I,F21,1346,21
I,F22,1406,22
I,F23,1466,23
I,F24,1526,24
I,F25,1586,25
I,F26,1646,26
I,F27,1706,27
I,F28,1766,28
I,F29,1826,29
I,F30,1886,30
I,F31,1946,31
I,F32,2006,32
I,F33,2066,33
I,F34,2126,34
I,F35,2186,35
I,F36,2246,36
I,F37,2306,37
I,F38,2366,38
I,F39,2426,39
I,F40,2486,40
I,F41,2546,41
I,F42,2606,42
I,F43,2666,43
I,F44,2726,44
I,F45,2786,45
I,F46,2846,46
I,F47,2906,47
I,F48,2966,48
I,F49,3026,49
I,F50,3086,50
I,F51,3146,51
I,F52,3206,52
I,F53,3266,53
I,F54,3326,54
I,F55,3386,55
CU,F0,39,0
CU,F1,69,1
CU,F2,99,2
CU,F3,129,3
CU,F4,159,4
CU,F5,189,5
CU,F6,219,6
CU,F7,249,7
CU,F8,279,8
CU,F9,309,9
CU,F10,339,10
CU,F11,369,11
CU,F12,399,12
CU,F13,429,13
CU,F14,459,14
CU,F15,489,15
CU,F16,519,16
CU,F17,549,17
CU,F18,579,18
CU,F19,609,19
CU,F20,639,20
CU,F21,669,21
CU,F22,699,22
CU,F23,729,23
CU,F24,759,24
CU,F25,789,25
CU,F26,819,26
CU,F27,849,27
CU,F28,879,28
CU,F29,909,29
CU,F30,939,30
CU,F31,969,31
CU,F32,999,32
CU,F33,1029,33
CU,F34,1059,34
CU,F35,1089,35
CU,F36,1119,36
CU,F37,1149,37
CU,F38,1179,38
CU,F39,1209,39
CU,F40,1239,40
CU,F41,1269,41
CU,F42,1299,42
CU,F43,1329,43
CU,F44,1359,44
CU,F45,1389,45
CU,F46,1419,46
CU,F47,1449,47
CU,F48,1479,48
CU,F49,1509,49
CU,F50,1539,50
CU,F51,1569,51
CU,F52,1599,52
CU,F53,1629,53
CU,F54,1659,54
CU,F55,1689,55
AL,F0,52,0
AL,F1,82,1
AL,F2,112,2
AL,F3,142,3
AL,F4,172,4
AL,F5,202,5
AL,F6,232,6
AL,F7,262,7
AL,F8,292,8
AL,F9,322,9
AL,F10,352,10
AL,F11,382,11
AL,F12,412,12
AL,F13,442,13
AL,F14,472,14
AL,F15,502,15
AL,F16,532,16
AL,F17,562,17
AL,F18,592,18
AL,F19,622,19
AL,F20,652,20
AL,F21,682,21
AL,F22,712,22
AL,F23,742,23
AL,F24,772,24
AL,F25,802,25
AL,F26,832,26
AL,F27,862,27
AL,F28,892,28
AL,F29,922,29
AL,F30,952,30
AL,F31,982,31
AL,F32,1012,32
AL,F33,1042,33
AL,F34,1072,34
AL,F35,1102,35
AL,F36,1132,36
AL,F37,1162,37
AL,F38,1192,38
AL,F39,1222,39
AL,F40,1252,40
AL,F41,1282,41
AL,F42,1312,42
AL,F43,1342,43
AL,F44,1372,44
AL,F45,1402,45
AL,F46,1432,46
AL,F47,1462,47
AL,F48,1492,48
AL,F49,1522,49
AL,F50,1552,50
AL,F51,1582,51
AL,F52,1612,52
AL,F53,1642,53
AL,F54,1672,54
AL,F55,1702,55
ZN,F0,65,0
ZN,F1,125,1
ZN,F2,185,2
ZN,F3,245,3
ZN,F4,305,4
ZN,F5,365,5
ZN,F6,425,6
ZN,F7,485,7
ZN,F8,545,8
ZN,F9,605,9
ZN,F10,665,10
ZN,F11,725,11
ZN,F12,785,12
ZN,F13,845,13
ZN,F14,905,14
ZN,F15,965,15
ZN,F16,1025,16
ZN,F17,1085,17
ZN,F18,1145,18
ZN,F19,1205,19
ZN,F20,1265,20
ZN,F21,1325,21
ZN,F22,1385,22
ZN,F23,1445,23
ZN,F24,1505,24
ZN,F25,1565,25
ZN,F26,1625,26
ZN,F27,1685,27
ZN,F28,1745,28
ZN,F29,1805,29
ZN,F30,1865,30
ZN,F31,1925,31
ZN,F32,1985,32
ZN,F33,2045,33
ZN,F34,2105,34
ZN,F35,2165,35
ZN,F36,2225,36
ZN,F37,2285,37
ZN,F38,2345,38
ZN,F39,2405,39
ZN,F40,2465,40
ZN,F41,2525,41
ZN,F42,2585,42
ZN,F43,2645,43
ZN,F44,2705,44
ZN,F45,2765,45
ZN,F46,2825,46
ZN,F47,2885,47
ZN,F48,2945,48
ZN,F49,3005,49
ZN,F50,3065,50
ZN,F51,3125,51
ZN,F52,3185,52
ZN,F53,3245,53
ZN,F54,3305,54
ZN,F55,3365,55
Y,F0,48,0
Y,F1,78,1
Y,F2,108,2
Y,F3,138,3
Y,F4,168,4
Y,F5,198,5
Y,F6,228,6
Y,F7,258,7
Y,F8,288,8
Y,F9,318,9
Y,F10,348,10
Y,F11,378,11
Y,F12,408,12
Y,F13,438,13
Y,F14,468,14
Y,F15,498,15
Y,F16,528,16
Y,F17,558,17
Y,F18,588,18
Y,F19,618,19
Y,F20,648,20
Y,F21,678,21
Y,F22,708,22
Y,F23,738,23
Y,F24,768,24
Y,F25,798,25
Y,F26,828,26
Y,F27,858,27
Y,F28,888,28
Y,F29,918,29
Y,F30,948,30
Y,F31,978,31
Y,F32,1008,32
Y,F33,1038,33
Y,F34,1068,34
Y,F35,1098,35
Y,F36,1128,36
Y,F37,1158,37
Y,F38,1188,38
Y,F39,1218,39
Y,F40,1248,40
Y,F41,1278,41
Y,F42,1308,42
Y,F43,1338,43
Y,F44,1368,44
Y,F45,1398,45
Y,F46,1428,46
Y,F47,1458,47
Y,F48,1488,48
Y,F49,1518,49
Y,F50,1548,50
Y,F51,1578,51
Y,F52,1608,52
Y,F53,1638,53
Y,F54,1668,54
Y,F55,1698,55
P,F0,91,0
P,F1,151,1
P,F2,211,2
P,F3,271,3
P,F4,331,4
P,F5,391,5
P,F6,451,6
P,F7,511,7
P,F8,571,8
P,F9,631,9
P,F10,691,10
P,F11,751,11
P,F12,811,12
P,F13,871,13
P,F14,931,14
P,F15,991,15
P,F16,1051,16
P,F17,1111,17
P,F18,1171,18
P,F19,1231,19
P,F20,1291,20
P,F21,1351,21
P,F22,1411,22
P,F23,1471,23
P,F24,1531,24
P,F25,1591,25
P,F26,1651,26
P,F27,1711,27
P,F28,1771,28
P,F29,1831,29
P,F30,1891,30
P,F31,1951,31
P,F32,2011,32
P,F33,2071,33
P,F34,2131,34
P,F35,2191,35
P,F36,2251,36
P,F37,2311,37
P,F38,2371,38
P,F39,2431,39
P,F40,2491,40
P,F41,2551,41
P,F42,2611,42
P,F43,2671,43
P,F44,2731,44
P,F45,2791,45
P,F46,2851,46
P,F47,2911,47
P,F48,2971,48
P,F49,3031,49
P,F50,3091,50
P,F51,3151,51
P,F52,3211,52
P,F53,3271,53
P,F54,3331,54
P,F55,3391,55
OI,F0,64,0
OI,F1,104,1
OI,F2,144,2
OI,F3,184,3
OI,F4,224,4
OI,F5,264,5
OI,F6,304,6
OI,F7,344,7
OI,F8,384,8
OI,F9,424,9
OI,F10,464,10
OI,F11,504,11
OI,F12,544,12
OI,F13,584,13
OI,F14,624,14
OI,F15,664,15
OI,F16,704,16
OI,F17,744,17
OI,F18,784,18
OI,F19,824,19
OI,F20,864,20
OI,F21,904,21
OI,F22,944,22
OI,F23,984,23
OI,F24,1024,24
OI,F25,1064,25
OI,F26,1104,26
OI,F27,1144,27
OI,F28,1184,28
OI,F29,1224,29
OI,F30,1264,30
OI,F31,1304,31
OI,F32,1344,32
OI,F33,1384,33
OI,F34,1424,34
OI,F35,1464,35
OI,F36,1504,36
OI,F37,1544,37
OI,F38,1584,38
OI,F39,1624,39
OI,F40,1664,40
OI,F41,1704,41
OI,F42,1744,42
OI,F43,1784,43
OI,F44,1824,44
OI,F45,1864,45
OI,F46,1904,46
OI,F47,1944,47
OI,F48,1984,48
OI,F49,2024,49
OI,F50,2064,50
OI,F51,2104,51
OI,F52,2144,52
OI,F53,2184,53
OI,F54,2224,54
OI,F55,2264,55
L,F0,57,0
L,F1,87,1
L,F2,117,2
L,F3,147,3
L,F4,177,4
L,F5,207,5
L,F6,237,6
L,F7,267,7
L,F8,297,8
L,F9,327,9
L,F10,357,10
L,F11,387,11
L,F12,417,12
L,F13,447,13
L,F14,477,14
L,F15,507,15
L,F16,537,16
L,F17,567,17
L,F18,597,18
L,F19,627,19
L,F20,657,20
L,F21,687,21
L,F22,717,22
L,F23,747,23
L,F24,777,24
L,F25,807,25
L,F26,837,26
L,F27,867,27
L,F28,897,28
L,F29,927,29
L,F30,957,30
L,F31,987,31
L,F32,1017,32
L,F33,1047,33
L,F34,1077,34
L,F35,1107,35
L,F36,1137,36
L,F37,1167,37
L,F38,1197,38
L,F39,1227,39
L,F40,1257,40
L,F41,1287,41
L,F42,1317,42
L,F43,1347,43
L,F44,1377,44
L,F45,1407,45
L,F46,1437,46
L,F47,1467,47
L,F48,1497,48
L,F49,1527,49
L,F50,1557,50
L,F51,1587,51
L,F52,1617,52
L,F53,1647,53
L,F54,1677,54
L,F55,1707,55
PP,F0,50,0
PP,F1,90,1
PP,F2,130,2
PP,F3,170,3
PP,F4,210,4
PP,F5,250,5
PP,F6,290,6
PP,F7,330,7
PP,F8,370,8
PP,F9,410,9
PP,F10,450,10
PP,F11,490,11
PP,F12,530,12
PP,F13,570,13
PP,F14,610,14
PP,F15,650,15
PP,F16,690,16
PP,F17,730,17
PP,F18,770,18
PP,F19,810,19
PP,F20,850,20
PP,F21,890,21
PP,F22,930,22
PP,F23,970,23
PP,F24,1010,24
PP,F25,1050,25
PP,F26,1090,26
PP,F27,1130,27
PP,F28,1170,28
PP,F29,1210,29
PP,F30,1250,30
PP,F31,1290,31
PP,F32,1330,32
PP,F33,1370,33
PP,F34,1410,34
PP,F35,1450,35
PP,F36,1490,36
PP,F37,1530,37
PP,F38,1570,38
PP,F39,1610,39
PP,F40,1650,40
PP,F41,1690,41
PP,F42,1730,42
PP,F43,1770,43
PP,F44,1810,44
PP,F45,1850,45
PP,F46,1890,46
PP,F47,1930,47
PP,F48,1970,48
PP,F49,2010,49
PP,F50,2050,50
PP,F51,2090,51
PP,F52,2130,52
PP,F53,2170,53
PP,F54,2210,54
PP,F55,2250,55
V,F0,83,0
V,F1,143,1
V,F2,203,2
V,F3,263,3
V,F4,323,4
V,F5,383,5
V,F6,443,6
V,F7,503,7
V,F8,563,8
V,F9,623,9
V,F10,683,10
V,F11,743,11
V,F12,803,12
V,F13,863,13
V,F14,923,14
V,F15,983,15
V,F16,1043,16
V,F17,1103,17
V,F18,1163,18
V,F19,1223,19
V,F20,1283,20
V,F21,1343,21
V,F22,1403,22
V,F23,1463,23
V,F24,1523,24
V,F25,1583,25
V,F26,1643,26
V,F27,1703,27
V,F28,1763,28
V,F29,1823,29
V,F30,1883,30
V,F31,1943,31
V,F32,2003,32
V,F33,2063,33
V,F34,2123,34
V,F35,2183,35
V,F36,2243,36
V,F37,2303,37
V,F38,2363,38
V,F39,2423,39
V,F40,2483,40
V,F41,2543,41
V,F42,2603,42
V,F43,2663,43
V,F44,2723,44
V,F45,2783,45
V,F46,2843,46
V,F47,2903,47
V,F48,2963,48
V,F49,3023,49
V,F50,3083,50
V,F51,3143,51
V,F52,3203,52
V,F53,3263,53
V,F54,3323,54
V,F55,3383,55
