code,multiplier,tick,fee_per_lot,fee_rate,margin_rate,sector,expiry_step,activity
RB,10.0,1.0,4.0,,0.1,0,30,800000.0
HC,10.0,1.0,4.0,,0.1,0,40,300000.0
I,100.0,0.5,8.0,,0.12,0,60,400000.0
CU,5.0,10.0,,5e-05,0.1,1,30,200000.0
AL,5.0,5.0,3.0,,0.09,1,30,150000.0
ZN,5.0,5.0,3.0,,0.09,1,60,200000.0
Y,10.0,2.0,2.5,,0.08,2,30,200000.0
P,10.0,2.0,2.5,,0.08,2,60,150000.0
OI,10.0,1.0,2.0,,0.08,2,40,100000.0
L,5.0,1.0,3.0,,0.1,3,30,300000.0
PP,5.0,1.0,3.0,,0.1,3,40,200000.0
V,5.0,1.0,2.0,,0.1,3,60,150000.0
